block,action,fx,fy,expansion,agree,expansion_rel
0,J,2.0438,-0.0763,0.2811,1.0,0.2641
1,J,2.3341,-0.1005,0.5923,1.0,0.5566
2,J,2.3778,-0.0677,0.4388,1.0,0.4123
3,J,2.2668,-0.0123,0.2322,1.0,0.2182
4,J,2.1298,-0.0136,0.0134,1.0,0.0126
5,J,2.1381,-0.0238,-0.2174,1.0,-0.2043
6,J,2.1916,-0.0278,-0.2305,1.0,-0.2166
7,J,1.8613,-0.0514,-0.0621,1.0,-0.0584
8,W,0.2354,0.0523,0.4133,nan,0.3884
9,W,0.2536,0.2453,0.9006,nan,0.8463
10,W,0.2928,0.2298,0.9789,nan,0.9199
11,W,0.3132,0.1987,0.8565,nan,0.8049
12,W,0.3014,0.2369,0.8985,nan,0.8443
13,W,0.3467,0.2885,1.0039,nan,0.9433
14,W,0.4871,0.2287,1.0729,nan,1.0082
15,W,0.0587,0.2329,1.0506,nan,0.9873
16,L,-1.2905,0.0734,0.9288,1.0,0.8728
17,L,-1.1910,0.0314,0.6919,1.0,0.6502
18,L,-0.9956,-0.0080,0.5371,1.0,0.5047
19,L,-0.6141,-0.0336,0.0550,1.0,0.0517
20,L,-0.0806,0.0158,-0.4975,1.0,-0.4675
21,L,0.3408,-0.0056,-0.4531,0.0,-0.4258
22,L,-0.0572,0.0105,-0.5361,1.0,-0.5037
23,L,0.1920,0.0925,-0.7279,0.0,-0.6840
24,W,0.1153,0.3671,1.3033,nan,1.2248
25,W,-0.2281,0.3319,1.0101,nan,0.9492
26,W,-0.4258,0.5425,1.5847,nan,1.4891
27,W,-0.5866,1.2643,1.7696,nan,1.6629
28,W,-0.0666,1.1457,1.2310,nan,1.1568
29,W,0.7820,0.5730,1.0932,nan,1.0273
30,W,0.4996,1.1279,0.6123,nan,0.5754
31,W,0.9688,0.9335,1.2470,nan,1.1719
32,J,1.9701,0.1449,-0.0232,1.0,-0.0218
33,J,1.8959,-0.0408,-0.0933,1.0,-0.0876
34,J,1.7900,0.0090,-0.0098,1.0,-0.0092
35,J,1.8361,0.1005,0.3241,1.0,0.3045
36,J,2.0950,0.0224,0.2672,1.0,0.2511
37,J,1.8757,-0.0337,-0.1550,1.0,-0.1456
38,J,1.7392,-0.0755,-0.3054,1.0,-0.2870
39,J,1.8315,-0.0597,-0.1180,1.0,-0.1109
40,W,0.0243,0.4859,0.8396,nan,0.7889
41,W,0.2217,1.1053,1.6880,nan,1.5862
42,W,0.3800,1.3224,1.9194,nan,1.8037
43,W,0.4390,1.8409,2.2035,nan,2.0707
44,W,0.4199,2.1575,1.9061,nan,1.7911
45,W,0.6243,1.5463,2.0495,nan,1.9259
46,W,1.0618,2.0408,2.2815,nan,2.1440
47,W,0.9072,2.3757,2.0520,nan,1.9283
48,L,0.0218,0.7386,1.2297,1.0,1.1556
49,L,-0.4321,0.0484,0.6816,1.0,0.6405
50,L,-0.4763,0.0775,0.3698,1.0,0.3475
51,L,-0.5498,0.0758,0.1658,1.0,0.1558
52,L,-0.4886,0.0433,0.0092,1.0,0.0087
53,L,-0.3079,0.0365,-0.2154,1.0,-0.2024
54,L,-0.4019,-0.0149,-0.4033,1.0,-0.3790
55,L,-0.2238,0.0205,-0.3667,1.0,-0.3446
56,W,-0.2262,0.6422,1.4965,nan,1.4062
57,W,-0.0761,0.9360,1.5755,nan,1.4805
58,W,-0.0588,1.0776,1.3018,nan,1.2233
59,W,0.0814,1.5539,1.6753,nan,1.5743
60,W,0.1362,1.8513,1.4108,nan,1.3257
61,W,0.4182,0.7720,0.5504,nan,0.5172
62,W,0.0264,0.1569,0.0126,nan,0.0118
63,W,0.5551,0.1832,0.1453,nan,0.1366
64,J,1.9237,0.0109,-0.7750,1.0,-0.7283
65,J,3.0255,0.0193,-0.6516,1.0,-0.6124
66,J,3.9412,-0.0100,-0.0550,1.0,-0.0517
67,J,4.2712,-0.0428,-0.1011,1.0,-0.0950
68,J,4.4573,-0.1165,0.0188,1.0,0.0177
69,J,4.5100,-0.0376,0.3754,1.0,0.3528
70,J,4.4315,0.0243,0.3750,1.0,0.3524
71,J,3.6086,0.0897,0.5052,1.0,0.4748
72,W,-0.4401,1.6038,3.1705,nan,2.9793
73,W,0.4403,0.8681,2.0910,nan,1.9649
74,W,-0.5054,1.3405,3.5397,nan,3.3263
75,W,0.0610,1.8719,2.9913,nan,2.8109
76,W,-0.3715,1.0196,2.5669,nan,2.4121
77,W,-0.5286,0.3929,1.1132,nan,1.0461
78,W,-0.0182,0.1176,0.3318,nan,0.3118
79,W,-0.5652,0.6922,1.4154,nan,1.3300
80,L,-0.1229,-0.1513,-0.1790,1.0,-0.1682
81,L,-0.7577,-0.0923,-0.3835,1.0,-0.3604
82,L,-0.8795,-0.0494,-0.5130,1.0,-0.4821
83,L,-1.4444,-0.1216,-0.5204,1.0,-0.4890
84,L,-2.3684,-0.1304,-0.6949,1.0,-0.6530
85,L,-2.8756,-0.1952,-0.8473,1.0,-0.7962
86,L,-3.2834,-0.2596,-0.2667,1.0,-0.2506
87,L,-2.4806,-0.2543,-0.0504,1.0,-0.0474
88,W,0.2645,-0.3288,0.1600,nan,0.1504
89,W,0.4118,-0.5199,1.4165,nan,1.3311
90,W,-0.0234,0.7079,2.3788,nan,2.2353
91,W,-0.0857,1.6081,2.9375,nan,2.7604
92,W,0.0484,1.2968,1.9201,nan,1.8043
93,W,0.4538,1.2793,2.1228,nan,1.9948
94,W,-0.2085,1.1525,2.2250,nan,2.0908
95,W,0.4520,-0.1238,1.9031,nan,1.7883
96,J,3.3073,0.3748,0.9158,1.0,0.8606
97,J,3.4566,0.2892,0.6981,1.0,0.6560
98,J,3.8676,0.4933,0.6283,1.0,0.5904
99,J,3.9932,0.3621,0.5016,1.0,0.4714
100,J,4.1819,0.1988,0.3048,1.0,0.2865
101,J,4.4232,0.2018,0.3070,1.0,0.2885
102,J,4.2498,0.1939,0.3919,1.0,0.3683
103,J,3.8917,0.3236,0.5463,1.0,0.5133
104,W,0.6531,0.6879,1.7536,nan,1.6479
105,W,0.2018,1.2889,2.1445,nan,2.0152
106,W,0.2934,1.3078,2.3877,nan,2.2438
107,W,0.3268,1.7311,2.7850,nan,2.6171
108,W,0.2464,1.7593,2.8871,nan,2.7130
109,W,0.0310,1.6095,2.8831,nan,2.7092
110,W,0.0220,1.1401,2.3353,nan,2.1945
111,W,0.0822,1.1428,2.0303,nan,1.9079
112,L,-1.9511,-0.3526,-0.2185,1.0,-0.2054
113,L,-1.4143,-0.3944,-0.1087,1.0,-0.1022
114,L,-0.8368,-0.2773,-0.0575,1.0,-0.0541
115,L,-0.5150,-0.2409,-0.0506,1.0,-0.0476
116,L,-0.2673,-0.2616,-0.2065,1.0,-0.1940
117,L,-0.3487,-0.3357,-0.1652,1.0,-0.1552
118,L,-0.3860,-0.2615,-0.3334,1.0,-0.3133
119,L,-0.0397,-0.3781,-0.7044,1.0,-0.6619
120,W,0.3810,-0.0310,1.2196,nan,1.1460
121,W,0.6210,0.1013,2.7507,nan,2.5849
122,W,0.5312,-0.6407,2.1155,nan,1.9880
123,W,0.7539,-0.9920,2.6187,nan,2.4608
124,W,0.7134,-0.3471,1.0288,nan,0.9668
125,W,0.4570,-0.4851,2.2353,nan,2.1005
126,W,0.3919,-0.8793,2.5186,nan,2.3667
127,W,0.3817,-0.9445,2.5863,nan,2.4304
128,J,2.9206,-0.1955,0.0006,1.0,0.0006
129,J,2.5116,-0.1073,-0.4405,1.0,-0.4139
130,J,2.5090,-0.0785,-0.2872,1.0,-0.2699
131,J,2.2428,-0.0412,-0.2588,1.0,-0.2432
132,J,1.7081,-0.0056,-0.5159,1.0,-0.4848
133,J,1.7858,-0.0606,-0.6046,1.0,-0.5682
134,J,2.6125,0.0329,-0.0954,1.0,-0.0896
135,J,2.3675,-0.0147,-0.2467,1.0,-0.2319
136,W,0.3412,0.2453,0.6773,nan,0.6365
137,W,0.7724,0.9931,1.3006,nan,1.2222
138,W,0.9548,1.8440,1.6924,nan,1.5903
139,W,0.7948,2.5041,1.4189,nan,1.3333
140,W,0.4782,2.7339,1.2942,nan,1.2162
141,W,-0.2755,1.9297,0.6445,nan,0.6056
142,W,0.3695,1.8305,1.0802,nan,1.0151
143,W,0.2468,1.9626,1.8399,nan,1.7290
144,L,-1.2619,0.2148,1.3783,1.0,1.2952
145,L,-1.3111,-0.0676,0.9157,1.0,0.8605
146,L,-1.1401,-0.0591,0.5806,1.0,0.5456
147,L,-0.8905,-0.0291,0.3218,1.0,0.3024
148,L,-0.8321,0.0186,0.1603,1.0,0.1507
149,L,-0.7305,0.0565,-0.1150,1.0,-0.1081
150,L,-0.5506,0.0427,-0.3943,1.0,-0.3706
151,L,0.1168,0.0842,-0.5797,0.0,-0.5447
152,W,0.8466,0.6914,0.3149,nan,0.2959
153,W,0.3820,1.6106,1.6824,nan,1.5810
154,W,0.1363,1.9595,1.7068,nan,1.6039
155,W,0.0822,2.9635,1.8346,nan,1.7239
156,W,0.2900,2.2196,1.5864,nan,1.4908
157,W,0.0377,2.5010,1.8650,nan,1.7526
158,W,-0.2194,3.3368,1.8725,nan,1.7596
159,W,0.1037,3.3702,2.4619,nan,2.3135
160,J,0.0054,0.7605,1.2264,1.0,1.1525
161,J,-0.3520,0.3417,0.0479,0.0,0.0450
162,J,-0.8114,0.4983,-0.2465,0.0,-0.2317
163,J,-1.2660,0.3479,-0.6113,0.0,-0.5745
164,J,-0.7371,0.1659,-0.5966,0.0,-0.5607
165,J,-0.3677,0.0447,-0.6032,0.0,-0.5668
166,J,0.2847,-0.0566,0.2396,1.0,0.2252
167,J,0.5195,-0.0645,0.2340,1.0,0.2199
168,W,0.0445,-0.0249,-0.0137,nan,-0.0128
169,W,0.0738,-0.0023,-0.0283,nan,-0.0266
170,W,0.0939,0.0126,-0.0267,nan,-0.0251
171,W,0.2674,0.8313,1.0626,nan,0.9985
172,W,0.1951,1.8584,2.0926,nan,1.9664
173,W,0.3140,2.0808,2.1768,nan,2.0456
174,W,0.8576,2.1064,2.1850,nan,2.0532
175,W,1.0258,0.7838,2.0251,nan,1.9030
176,L,-0.0132,0.0661,0.4001,1.0,0.3760
177,L,0.0518,0.1622,0.0385,0.0,0.0361
178,L,0.2122,0.1783,-0.0120,0.0,-0.0113
179,L,0.3787,0.1719,0.0192,0.0,0.0181
180,L,0.5522,0.1941,-0.0788,0.0,-0.0740
181,L,0.7855,0.1465,-0.0756,0.0,-0.0711
182,L,0.4864,0.0740,0.3798,0.0,0.3569
183,L,0.6129,0.0893,0.6569,0.0,0.6173
184,W,1.0187,0.6200,1.4680,nan,1.3795
185,W,0.7789,1.1359,1.6107,nan,1.5136
186,W,-0.0575,1.2518,0.9702,nan,0.9117
187,W,0.2088,1.0397,1.1123,nan,1.0453
188,W,0.2643,1.4403,1.3614,nan,1.2793
189,W,0.4004,2.8775,1.4655,nan,1.3771
190,W,0.2000,0.9049,0.2951,nan,0.2774
191,W,0.6720,1.8884,0.3006,nan,0.2825
192,J,1.2375,0.6328,-0.2883,1.0,-0.2709
193,J,1.4890,0.2914,-0.4875,1.0,-0.4581
194,J,1.7083,0.0882,-0.6817,1.0,-0.6406
195,J,1.8501,0.0321,-0.8406,1.0,-0.7899
196,J,2.0908,0.0165,-0.9960,1.0,-0.9359
197,J,1.9807,0.0090,-0.7523,1.0,-0.7070
198,J,1.9363,-0.0499,-0.5592,1.0,-0.5255
199,J,1.7452,-0.0408,-0.4462,1.0,-0.4193
200,W,0.0726,0.0323,0.1004,nan,0.0944
201,W,0.1185,-0.0382,0.4624,nan,0.4345
202,W,0.0374,0.1324,0.8070,nan,0.7583
203,W,0.0941,0.6022,1.2753,nan,1.1984
204,W,0.2799,0.9059,1.5715,nan,1.4767
205,W,0.4644,2.2874,1.2365,nan,1.1620
206,W,0.5311,0.3206,0.5353,nan,0.5030
207,W,0.0535,1.1610,0.5959,nan,0.5600
208,L,-1.7335,0.0227,0.9220,1.0,0.8665
209,L,-1.5549,-0.0196,0.8875,1.0,0.8340
210,L,-1.1114,-0.0305,0.6100,1.0,0.5732
211,L,-0.8111,-0.0127,0.3974,1.0,0.3734
212,L,-0.6378,-0.0053,0.2123,1.0,0.1995
213,L,-0.5505,-0.0071,0.0455,1.0,0.0427
214,L,-0.3744,0.0270,-0.1959,1.0,-0.1841
215,L,0.0257,0.0326,-0.4942,1.0,-0.4644
216,W,0.2920,0.2497,0.7147,nan,0.6716
217,W,-0.0185,0.6840,1.8302,nan,1.7199
218,W,0.2970,0.3147,1.7437,nan,1.6386
219,W,0.1510,0.0612,0.2847,nan,0.2676
220,W,0.0795,0.1020,0.1061,nan,0.0997
221,W,0.0721,0.0020,0.0696,nan,0.0654
222,W,0.0790,-0.0867,0.0343,nan,0.0322
223,W,0.4704,-0.0859,0.3027,nan,0.2844
224,J,1.5621,-0.0470,-0.2621,1.0,-0.2463
225,J,1.9737,-0.0565,-1.4328,1.0,-1.3464
226,J,2.6958,0.0209,-1.0472,1.0,-0.9840
227,J,3.6916,-0.0250,-0.0641,1.0,-0.0602
228,J,3.9890,0.0443,0.1500,1.0,0.1409
229,J,3.9838,0.0608,0.2155,1.0,0.2025
230,J,4.1995,0.0373,0.2298,1.0,0.2159
231,J,3.5625,1.2593,0.6488,1.0,0.6096
232,W,0.9051,1.3832,3.0078,nan,2.8264
233,W,0.6897,2.1804,3.6304,nan,3.4116
234,W,0.4631,2.8937,2.3416,nan,2.2004
235,W,0.0268,2.9023,1.3640,nan,1.2817
236,W,0.1633,1.6678,0.6420,nan,0.6033
237,W,0.1251,2.0561,1.6250,nan,1.5271
238,W,0.3907,0.8735,1.2406,nan,1.1658
239,W,-0.6072,0.1946,0.8593,nan,0.8074
240,L,-3.0516,-0.1100,0.2840,1.0,0.2668
241,L,-3.0634,-0.1813,0.0620,1.0,0.0583
242,L,-3.1637,-0.1437,-0.0334,1.0,-0.0314
243,L,-3.3528,-0.1495,-0.0830,1.0,-0.0780
244,L,-3.0300,-0.1574,-0.0537,1.0,-0.0505
245,L,-3.2563,-0.1836,-0.0831,1.0,-0.0780
246,L,-3.2005,-0.1643,-0.1572,1.0,-0.1477
247,L,-2.4577,-0.2971,-0.0376,1.0,-0.0354
248,W,-0.5199,0.4354,2.8460,nan,2.6744
249,W,-0.1176,1.0411,2.5276,nan,2.3752
250,W,0.1967,1.0105,1.9958,nan,1.8754
251,W,0.2591,1.8032,2.6938,nan,2.5314
252,W,0.4787,2.2210,1.9789,nan,1.8596
253,W,-0.5375,1.5306,0.9800,nan,0.9209
254,W,0.3402,1.2622,1.5979,nan,1.5015
255,W,0.6778,1.9275,2.9085,nan,2.7331
256,J,3.7575,0.8300,0.6610,1.0,0.6211
257,J,3.8445,0.4419,0.2758,1.0,0.2591
258,J,4.0210,0.4960,0.4386,1.0,0.4121
259,J,4.2828,0.7275,0.5258,1.0,0.4941
260,J,4.3344,0.7117,0.6360,1.0,0.5976
261,J,4.1002,0.6539,0.5729,1.0,0.5384
262,J,4.0433,0.5529,0.5572,1.0,0.5236
263,J,3.7474,0.9692,1.0173,1.0,0.9560
264,W,0.3987,2.1237,2.6650,nan,2.5043
265,W,0.2626,2.1638,2.7157,nan,2.5519
266,W,0.3793,1.7104,2.2635,nan,2.1271
267,W,0.8126,1.8243,3.0031,nan,2.8221
268,W,0.3616,1.8070,2.5433,nan,2.3899
269,W,0.1653,1.3981,1.8166,nan,1.7071
270,W,0.1957,2.0981,2.0943,nan,1.9681
271,W,-0.7176,0.8993,0.7047,nan,0.6622
272,L,-1.4842,-0.1130,0.1548,1.0,0.1455
273,L,-1.1655,-0.1537,0.0849,1.0,0.0798
274,L,-1.3175,-0.1031,0.0207,1.0,0.0194
275,L,-1.2424,-0.1102,0.0443,1.0,0.0416
276,L,-1.2312,-0.2002,-0.0075,1.0,-0.0070
277,L,-1.9237,-0.2947,-0.7876,1.0,-0.7401
278,L,-2.5534,-0.3168,-0.8925,1.0,-0.8387
279,L,-2.1053,-0.2989,-0.4335,1.0,-0.4073
280,W,0.3319,-0.3107,1.2700,nan,1.1934
281,W,-0.5913,0.3532,1.8827,nan,1.7692
282,W,0.0081,0.0002,0.0104,nan,0.0098
283,W,0.2874,0.1151,0.3633,nan,0.3414
284,W,0.2398,0.1431,0.4851,nan,0.4558
285,W,0.2522,0.2903,0.8119,nan,0.7629
286,W,0.3721,0.4919,1.3068,nan,1.2280
287,W,0.6385,0.6893,1.6967,nan,1.5944
288,J,2.8655,0.1765,0.4720,1.0,0.4435
289,J,2.8111,-0.0134,-0.0992,1.0,-0.0932
290,J,3.0800,0.0160,0.0329,1.0,0.0309
291,J,3.3813,0.0225,0.1496,1.0,0.1406
292,J,3.4186,0.0267,0.1928,1.0,0.1812
293,J,3.5591,0.0385,0.2693,1.0,0.2530
294,J,3.5219,0.0229,0.1912,1.0,0.1797
295,J,3.0325,0.1118,0.2766,1.0,0.2599
296,W,-0.0674,0.6724,1.1149,nan,1.0477
297,W,-0.1654,0.6915,1.2667,nan,1.1903
298,W,-0.0126,0.6444,1.5561,nan,1.4623
299,W,-0.1013,0.9104,2.1012,nan,1.9746
300,W,0.0687,1.1553,2.1500,nan,2.0203
301,W,0.0586,1.1362,2.3274,nan,2.1870
302,W,-0.0716,0.9401,1.5329,nan,1.4405
303,W,-0.4405,1.3509,2.2099,nan,2.0766
304,L,-2.7412,0.0620,0.1906,1.0,0.1791
305,L,-3.2032,-0.0586,0.0578,1.0,0.0543
306,L,-3.4364,-0.0712,0.0422,1.0,0.0396
307,L,-3.5932,-0.0603,-0.0591,1.0,-0.0555
308,L,-3.3042,-0.0343,-0.1002,1.0,-0.0941
309,L,-3.5707,-0.0736,-0.0218,1.0,-0.0205
310,L,-3.3840,-0.1005,0.3127,1.0,0.2938
311,L,-2.2418,0.0635,0.5258,1.0,0.4941
312,W,0.1063,1.1193,1.8064,nan,1.6975
313,W,-0.0449,1.3739,2.1810,nan,2.0495
314,W,0.1977,1.4129,2.3220,nan,2.1820
315,W,0.1603,1.3862,2.1983,nan,2.0657
316,W,0.2996,1.2761,2.3579,nan,2.2158
317,W,-0.1578,1.2389,2.3945,nan,2.2501
318,W,-0.4234,1.0063,1.4435,nan,1.3565
319,W,0.1316,0.5377,0.9853,nan,0.9259
320,J,1.3975,0.0574,0.0178,1.0,0.0167
321,J,1.8422,0.0586,-0.8536,1.0,-0.8022
322,J,2.4059,0.1747,-0.5772,1.0,-0.5424
323,J,3.5143,0.5711,0.8763,1.0,0.8234
324,J,3.2363,1.2044,2.0461,1.0,1.9227
325,J,3.4522,1.0702,1.1926,1.0,1.1207
326,J,3.9774,0.9048,0.6444,1.0,0.6055
327,J,3.8478,0.9437,0.7098,1.0,0.6670
328,W,0.0589,0.0138,0.0416,nan,0.0391
329,W,0.0028,0.0003,0.0020,nan,0.0018
330,W,0.0033,0.0025,0.0019,nan,0.0018
331,W,0.0014,-0.0051,0.0005,nan,0.0005
332,W,0.0038,0.0011,-0.0026,nan,-0.0025
333,W,-0.0008,0.0042,0.0064,nan,0.0060
334,W,0.0054,-0.0051,-0.0016,nan,-0.0015
335,W,-1.1755,-0.0625,0.1698,nan,0.1596
336,L,-3.2748,-0.0995,0.4851,1.0,0.4558
337,L,-2.8755,-0.1644,-0.2847,1.0,-0.2675
338,L,-3.0474,-0.1823,-0.5091,1.0,-0.4784
339,L,-2.9864,-0.0740,-0.3998,1.0,-0.3757
340,L,-3.7053,-0.1932,-0.2322,1.0,-0.2182
341,L,-3.2535,-0.1237,-0.1364,1.0,-0.1282
342,L,-3.8984,-0.1972,-0.0762,1.0,-0.0716
343,L,-2.9906,-0.3125,-0.1163,1.0,-0.1093
344,W,0.2498,-0.0220,2.7153,nan,2.5516
345,W,-0.6204,0.0176,2.3704,nan,2.2274
346,W,0.0968,0.2716,1.4158,nan,1.3304
347,W,0.0033,0.7762,1.8333,nan,1.7227
348,W,-0.0518,0.7769,1.9335,nan,1.8169
349,W,0.3430,0.9798,2.7234,nan,2.5592
350,W,0.6946,0.9385,2.7585,nan,2.5921
351,W,0.1053,0.1478,2.1420,nan,2.0128
352,J,2.4494,0.8056,1.4370,1.0,1.3504
353,J,2.5941,0.7586,1.8338,1.0,1.7232
354,J,1.5679,0.8348,1.6595,1.0,1.5594
355,J,2.9671,0.3935,0.7957,1.0,0.7477
356,J,3.2189,0.1633,0.1435,1.0,0.1348
357,J,3.3055,0.0078,-0.9649,1.0,-0.9068
358,J,3.6403,0.0611,-0.6735,1.0,-0.6329
359,J,3.5764,0.0226,-0.2326,1.0,-0.2186
360,W,0.0071,0.0004,0.0042,nan,0.0039
361,W,0.1979,0.3556,0.7355,nan,0.6912
362,W,0.7343,1.5833,2.4281,nan,2.2817
363,W,0.7474,2.5493,2.5757,nan,2.4204
364,W,0.7612,1.9216,2.3125,nan,2.1731
365,W,0.6549,1.7339,2.0827,nan,1.9572
366,W,0.6162,1.1865,2.0294,nan,1.9070
367,W,-0.0253,0.9471,2.3064,nan,2.1673
368,L,-0.9576,0.1127,-0.3221,1.0,-0.3027
369,L,-1.6170,-0.0189,-1.2197,1.0,-1.1462
370,L,-2.2681,-0.0329,-0.5391,1.0,-0.5066
371,L,-2.0930,-0.0648,-0.0479,1.0,-0.0450
372,L,-1.2610,-0.1433,0.7365,1.0,0.6921
373,L,-0.8112,-0.2941,0.4510,1.0,0.4238
374,L,-0.2659,-0.3138,0.5333,1.0,0.5011
375,L,0.5299,-0.2612,-0.4309,0.0,-0.4049
376,W,0.4563,0.8966,1.6651,nan,1.5647
377,W,0.1406,2.3701,3.2447,nan,3.0490
378,W,0.6897,2.3402,2.5795,nan,2.4240
379,W,0.1767,1.4203,1.8782,nan,1.7649
380,W,-0.0549,0.8128,1.0376,nan,0.9751
381,W,0.0014,-0.0025,-0.0025,nan,-0.0023
382,W,-0.0907,0.1387,0.0803,nan,0.0754
383,W,0.6142,1.5066,1.9208,nan,1.8050
384,J,3.7069,0.9479,1.1991,1.0,1.1268
385,J,3.7012,1.4261,1.8096,1.0,1.7005
386,J,3.4181,1.9669,1.9832,1.0,1.8636
387,J,3.6064,2.1977,1.8498,1.0,1.7382
388,J,3.3966,1.4888,1.3177,1.0,1.2382
389,J,3.3366,1.4391,1.4367,1.0,1.3501
390,J,3.2481,1.7717,1.3863,1.0,1.3027
391,J,2.9302,1.6039,1.6043,1.0,1.5075
392,W,0.3365,1.3007,1.8380,nan,1.7271
393,W,0.4296,1.6475,2.3717,nan,2.2287
394,W,0.4669,1.4456,2.1616,nan,2.0313
395,W,0.1496,1.7202,2.4676,nan,2.3188
396,W,1.0132,1.4141,2.2677,nan,2.1310
397,W,0.4651,1.2374,1.5283,nan,1.4362
398,W,0.6165,1.1942,2.0693,nan,1.9445
399,W,-0.7520,0.6455,1.4023,nan,1.3178
400,L,-2.2167,-0.0273,0.4382,1.0,0.4117
401,L,-2.4050,-0.1507,0.2435,1.0,0.2288
402,L,-2.1151,-0.3069,0.2658,1.0,0.2498
403,L,-2.3345,-0.5227,-0.1906,1.0,-0.1791
404,L,-2.6415,-0.3215,-0.3049,1.0,-0.2865
405,L,-2.8605,-0.4516,-0.1668,1.0,-0.1567
406,L,-3.1810,-0.5095,-0.3260,1.0,-0.3063
407,L,-2.4644,-0.3157,-0.2460,1.0,-0.2311
408,W,-0.3008,0.5404,2.8399,nan,2.6687
409,W,-0.6071,1.3727,2.6728,nan,2.5117
410,W,-0.2643,0.6695,2.0247,nan,1.9027
411,W,0.8059,0.4211,0.9007,nan,0.8463
412,W,0.7931,0.1811,0.3613,nan,0.3395
413,W,0.8669,0.3009,1.7550,nan,1.6492
414,W,0.0986,0.3760,1.6225,nan,1.5246
415,W,0.7597,0.8942,1.5923,nan,1.4963
416,J,2.9652,0.5664,0.1554,1.0,0.1460
417,J,2.9421,0.6324,-0.3656,1.0,-0.3436
418,J,4.0015,1.4313,0.7567,1.0,0.7111
419,J,4.0839,1.6884,1.0952,1.0,1.0291
420,J,4.1672,1.8406,1.5635,1.0,1.4692
421,J,4.0843,2.0650,1.6336,1.0,1.5351
422,J,3.8900,1.5738,1.0983,1.0,1.0321
423,J,3.7548,1.8144,1.6285,1.0,1.5303
424,W,0.7078,1.7474,1.9811,nan,1.8617
425,W,0.8375,1.7781,2.1466,nan,2.0171
426,W,-0.4033,1.3671,2.1103,nan,1.9831
427,W,-0.2739,1.3025,1.8492,nan,1.7377
428,W,0.7101,1.1973,2.1801,nan,2.0486
429,W,0.3448,1.4098,2.1467,nan,2.0172
430,W,0.9134,1.7013,2.4835,nan,2.3337
431,W,0.0476,1.0009,1.6470,nan,1.5477
432,L,-2.7882,-0.0117,0.1465,1.0,0.1377
433,L,-3.0451,-0.0645,0.0883,1.0,0.0830
434,L,-2.7703,-0.0808,-0.0018,1.0,-0.0017
435,L,-2.9614,-0.0997,-0.0562,1.0,-0.0528
436,L,-2.8367,-0.0884,-0.1065,1.0,-0.1001
437,L,-3.2282,-0.1039,-0.1430,1.0,-0.1344
438,L,-3.2138,-0.0999,-0.0164,1.0,-0.0154
439,L,-2.2529,0.0048,0.1801,1.0,0.1692
440,W,0.4877,1.3142,2.0563,nan,1.9323
441,W,0.4166,1.4223,1.9942,nan,1.8739
442,W,0.3011,1.5721,2.2346,nan,2.0999
443,W,0.0501,1.4816,2.1048,nan,1.9779
444,W,0.1357,1.2299,1.6811,nan,1.5797
445,W,0.2482,1.1708,1.6897,nan,1.5878
446,W,0.2319,1.4984,1.9161,nan,1.8006
447,W,0.7789,1.5392,2.1858,nan,2.0540
448,J,2.8520,0.9637,0.6766,1.0,0.6358
449,J,3.0021,0.6499,0.2486,1.0,0.2336
450,J,3.6425,0.9755,0.9513,1.0,0.8939
451,J,3.9922,1.4074,1.5245,1.0,1.4326
452,J,3.6415,1.6409,1.4830,1.0,1.3935
453,J,3.6897,1.5539,1.5645,1.0,1.4702
454,J,3.6043,1.4647,1.3030,1.0,1.2244
455,J,3.2871,1.5355,1.5649,1.0,1.4706
456,W,0.5041,1.9976,2.5933,nan,2.4369
457,W,0.7008,1.5971,2.3348,nan,2.1940
458,W,0.7745,1.7612,2.1770,nan,2.0457
459,W,0.3000,1.6224,1.7544,nan,1.6486
460,W,0.3501,1.7611,2.1514,nan,2.0217
461,W,0.3345,1.6614,2.1591,nan,2.0289
462,W,0.3569,1.6516,2.2253,nan,2.0912
463,W,-0.1750,1.1139,2.1769,nan,2.0456
464,L,-2.6069,-0.0256,0.1972,1.0,0.1853
465,L,-2.9944,-0.1376,-0.0151,1.0,-0.0142
466,L,-3.4827,-0.1181,-0.0672,1.0,-0.0631
467,L,-3.5694,-0.1234,-0.1372,1.0,-0.1289
468,L,-3.6142,-0.1997,-0.1490,1.0,-0.1400
469,L,-3.6853,-0.2166,-0.0892,1.0,-0.0838
470,L,-3.9355,-0.2061,-0.0077,1.0,-0.0072
471,L,-2.9514,-0.0357,0.1992,1.0,0.1872
472,W,0.2574,1.2528,2.5987,nan,2.4420
473,W,0.5494,1.8805,3.0623,nan,2.8777
474,W,-0.0977,1.9276,2.8496,nan,2.6778
475,W,-0.0229,1.0779,2.1188,nan,1.9911
476,W,0.0897,1.0921,1.7321,nan,1.6276
477,W,0.2232,1.4749,2.1236,nan,1.9955
478,W,0.1470,1.6322,2.1631,nan,2.0327
479,W,0.0127,1.1667,1.5541,nan,1.4604
480,J,2.7560,0.7949,0.5489,1.0,0.5158
481,J,2.9388,1.1522,0.6826,1.0,0.6415
482,J,3.1564,1.7978,1.2480,1.0,1.1727
483,J,3.5110,1.1538,0.6868,1.0,0.6453
484,J,3.7277,0.7894,0.3951,1.0,0.3713
485,J,3.5679,0.9634,0.3068,1.0,0.2883
486,J,3.9290,0.9988,0.4526,1.0,0.4253
487,J,3.6302,1.0714,0.8749,1.0,0.8222
488,W,0.5308,0.8569,1.4839,nan,1.3945
489,W,0.3636,0.9333,1.5745,nan,1.4795
490,W,0.5347,0.9977,1.7770,nan,1.6699
491,W,0.3051,0.8812,1.5135,nan,1.4222
492,W,0.3438,0.8896,1.5412,nan,1.4483
493,W,0.4569,0.9557,1.7114,nan,1.6082
494,W,0.4167,0.8692,1.6823,nan,1.5808
495,W,-0.1936,0.6755,1.3625,nan,1.2803
496,L,-0.8322,0.2264,-0.0320,1.0,-0.0300
497,L,0.3469,0.0861,-0.9555,0.0,-0.8979
498,L,1.4298,0.0781,0.5888,0.0,0.5533
499,L,0.5921,0.1464,0.7616,0.0,0.7157
500,L,0.1856,0.0949,0.5997,0.0,0.5636
501,L,-0.3669,0.0703,0.0728,1.0,0.0684
502,L,-0.3941,0.0388,-0.0165,1.0,-0.0155
503,L,-0.3254,0.0552,-0.2477,1.0,-0.2328
504,W,0.1034,0.3370,0.8830,nan,0.8297
505,W,0.2425,0.5813,1.1081,nan,1.0413
506,W,0.2912,0.6397,1.1951,nan,1.1230
507,W,0.1950,0.6059,1.1388,nan,1.0701
508,W,0.2789,0.7050,1.2755,nan,1.1986
509,W,0.2382,0.6771,1.2534,nan,1.1779
510,W,0.2086,0.6902,1.2460,nan,1.1708
511,W,0.6369,0.8339,1.5411,nan,1.4482
512,J,1.8885,0.9196,1.6127,1.0,1.5154
513,J,1.8434,0.5131,1.2276,1.0,1.1536
514,J,1.6580,0.2004,0.9609,1.0,0.9030
515,J,1.5691,0.1123,0.5403,1.0,0.5077
516,J,1.6910,0.1206,0.2731,1.0,0.2567
517,J,1.8944,0.0859,-0.0496,1.0,-0.0466
518,J,2.0748,0.0443,-0.1947,1.0,-0.1830
519,J,1.6643,0.0154,-0.0469,1.0,-0.0441
520,W,0.1081,0.3846,0.7666,nan,0.7204
521,W,0.3586,0.8687,1.4786,nan,1.3894
522,W,0.5276,1.1321,1.7657,nan,1.6592
523,W,0.2489,0.8407,1.5466,nan,1.4533
524,W,0.2039,0.9800,1.6842,nan,1.5827
525,W,0.0615,0.8151,1.3717,nan,1.2890
526,W,0.0505,0.8982,1.4890,nan,1.3993
527,W,-0.1754,0.8805,1.5576,nan,1.4637
528,L,-1.1631,0.2521,0.4659,1.0,0.4378
529,L,-1.3371,0.0390,0.1788,1.0,0.1680
530,L,-1.3390,0.0008,0.1806,1.0,0.1697
531,L,-1.3489,0.0115,0.0567,1.0,0.0533
532,L,-1.1861,-0.0117,-0.0457,1.0,-0.0429
533,L,-1.1818,0.0012,-0.1152,1.0,-0.1082
534,L,-1.1940,-0.0007,-0.1057,1.0,-0.0994
535,L,-0.9367,0.0034,-0.0202,1.0,-0.0190
536,W,0.1782,0.4345,0.7260,nan,0.6822
537,W,0.2199,0.6945,1.0878,nan,1.0222
538,W,0.2424,0.7159,1.1340,nan,1.0656
539,W,0.2422,0.8478,1.2895,nan,1.2117
540,W,0.2448,0.8466,1.3380,nan,1.2573
541,W,0.2133,0.8620,1.5081,nan,1.4172
542,W,0.2048,0.7479,2.0796,nan,1.9542
543,W,1.1375,-0.0693,0.0464,nan,0.0436
544,J,2.1285,-0.1348,-0.1669,1.0,-0.1568
545,J,1.7915,-0.0418,-0.2697,1.0,-0.2534
546,J,1.7093,-0.0244,-0.3187,1.0,-0.2995
547,J,1.7369,-0.0324,-0.3846,1.0,-0.3614
548,J,1.5103,0.0011,-0.7326,1.0,-0.6885
549,J,1.0520,-0.0077,-1.1761,1.0,-1.1052
550,J,0.7416,0.0745,-0.5426,1.0,-0.5099
551,J,0.4792,-0.0149,-0.4156,1.0,-0.3906
552,W,0.3519,0.8484,1.3301,nan,1.2499
553,W,0.3015,1.5449,1.5970,nan,1.5007
554,W,0.2130,1.5515,1.9565,nan,1.8385
555,W,0.3022,1.7589,2.1527,nan,2.0229
556,W,-0.1181,1.7592,1.8446,nan,1.7334
557,W,-0.0451,0.9916,1.5723,nan,1.4775
558,W,0.0962,1.2114,1.6561,nan,1.5563
559,W,-0.4254,1.1460,1.6788,nan,1.5776
560,L,-1.8309,0.2340,0.4149,1.0,0.3899
561,L,-1.7965,0.0315,0.1411,1.0,0.1326
562,L,-1.5681,0.0212,0.0945,1.0,0.0888
563,L,-1.4056,0.0257,0.0776,1.0,0.0730
564,L,-1.4310,0.0056,0.0496,1.0,0.0466
565,L,-1.4513,-0.0058,0.0777,1.0,0.0730
566,L,-1.4193,-0.0018,0.0984,1.0,0.0925
567,L,-0.9106,0.0118,0.0834,1.0,0.0784
568,W,0.0593,0.3618,0.5157,nan,0.4846
569,W,0.2012,0.7675,1.0685,nan,1.0041
570,W,0.1492,0.7881,1.0692,nan,1.0047
571,W,0.1553,0.8158,1.1267,nan,1.0588
572,W,0.1624,0.9082,1.2479,nan,1.1726
573,W,0.0806,0.8144,1.1317,nan,1.0635
574,W,0.1089,0.9347,1.2831,nan,1.2058
575,W,0.5194,0.8942,1.2078,nan,1.1350
576,J,2.0135,0.5713,0.7825,1.0,0.7353
577,J,1.9547,0.5452,0.8725,1.0,0.8199
578,J,1.8710,0.7766,1.2974,1.0,1.2192
579,J,1.8409,0.6561,1.0975,1.0,1.0314
580,J,1.9674,0.7169,1.0970,1.0,1.0308
581,J,1.7317,0.6688,0.8797,1.0,0.8266
582,J,1.8879,0.7281,1.0098,1.0,0.9489
583,J,1.6845,0.7555,1.1282,1.0,1.0602
584,W,0.1268,0.8156,1.1679,nan,1.0974
585,W,0.1260,0.7793,1.0713,nan,1.0067
586,W,0.1506,0.9473,1.2516,nan,1.1761
587,W,0.2143,1.1454,1.5546,nan,1.4608
588,W,0.1940,1.0087,1.3557,nan,1.2740
589,W,0.1672,0.9909,1.3444,nan,1.2634
590,W,0.1432,1.2231,1.6259,nan,1.5279
591,W,-0.1409,1.4809,1.8769,nan,1.7637
592,L,-1.0243,0.3715,0.4553,1.0,0.4279
593,L,-1.0246,0.1405,0.2003,1.0,0.1882
594,L,-1.0857,0.1299,0.2004,1.0,0.1883
595,L,-1.0648,0.1271,0.1234,1.0,0.1160
596,L,-0.9323,0.1361,0.0327,1.0,0.0307
597,L,-0.9452,0.1155,0.0069,1.0,0.0064
598,L,-0.8986,0.1167,-0.0586,1.0,-0.0551
599,L,-0.5550,0.1139,0.0114,1.0,0.0107
600,W,0.0930,0.4967,0.6820,nan,0.6409
601,W,0.0983,0.8036,1.0652,nan,1.0009
602,W,0.1952,0.9817,1.3391,nan,1.2584
603,W,0.1097,1.2034,1.6480,nan,1.5487
604,W,-0.0698,1.0890,1.4915,nan,1.4016
605,W,0.1639,1.2698,1.6689,nan,1.5682
606,W,0.1667,1.3379,1.8128,nan,1.7035
607,W,0.4463,1.6015,2.3847,nan,2.2409
608,J,1.0061,1.3278,1.8062,1.0,1.6973
609,J,1.1175,1.0937,1.6300,1.0,1.5317
610,J,0.8624,1.1393,1.7102,1.0,1.6071
611,J,0.8304,1.3845,1.8772,1.0,1.7640
612,J,0.9199,1.2076,1.2952,1.0,1.2171
613,J,0.8557,1.6169,1.2043,1.0,1.1317
614,J,0.8413,1.3550,0.9256,1.0,0.8698
615,J,0.9591,1.2672,1.5695,1.0,1.4748
616,W,0.0574,1.0161,1.3222,nan,1.2425
617,W,0.2915,1.3290,1.6525,nan,1.5529
618,W,0.4096,1.5018,1.8517,nan,1.7400
619,W,0.3850,1.3764,1.6361,nan,1.5375
620,W,0.3396,1.5729,1.5824,nan,1.4870
621,W,0.2955,2.1433,1.9587,nan,1.8406
622,W,0.2711,2.2172,2.1555,nan,2.0255
623,W,0.1600,1.7592,1.7441,nan,1.6389
624,L,-0.7597,0.5017,0.9383,1.0,0.8818
625,L,-0.7893,0.1466,0.5665,1.0,0.5323
626,L,-0.6424,0.1617,0.4597,1.0,0.4320
627,L,-0.5355,0.1448,0.3043,1.0,0.2859
628,L,-0.3007,0.1856,0.1762,1.0,0.1656
629,L,-0.1577,0.2002,0.0485,1.0,0.0456
630,L,0.0188,0.2434,-0.0524,1.0,-0.0492
631,L,0.3007,0.3115,-0.1078,0.0,-0.1013
632,W,0.3453,0.8867,0.7544,nan,0.7089
633,W,0.3575,2.0781,1.6321,nan,1.5337
634,W,0.3319,2.1167,1.8615,nan,1.7493
635,W,0.2102,3.3646,2.2631,nan,2.1266
636,W,0.4801,3.1573,2.4441,nan,2.2967
637,W,0.2009,3.0698,2.4237,nan,2.2776
638,W,0.3147,2.5254,2.0689,nan,1.9441
