layer,head,half_life,cum_sq_err,final_rel_err
0,0,0.5376,8.757397e+00,7.823654e-02
0,1,1.5378,1.030490e+02,1.338496e-01
0,2,0.6113,8.603054e+00,5.083098e-02
0,3,0.5453,1.418826e+01,1.031340e-01
1,0,0.4632,5.000022e+00,5.663578e-02
1,1,0.5826,3.745779e+00,8.338729e-02
1,2,1.4291,3.784695e+01,1.041963e-01
1,3,0.5026,1.596161e+00,4.752642e-02
2,0,0.5555,2.363849e+00,4.100729e-02
2,1,0.6141,1.039902e+01,8.014490e-02
2,2,1.2212,1.635637e+01,1.401497e-01
2,3,0.7255,9.747705e+00,9.470401e-02
3,0,0.7715,2.997260e+00,5.155544e-02
3,1,106.3385,1.302330e+03,3.968520e-01
3,2,3.2809,1.746059e+01,7.593292e-02
3,3,0.5667,1.261225e+00,4.596921e-02
4,0,0.6820,1.405191e+00,4.551669e-02
4,1,1.4579,1.087668e+02,1.536996e-01
4,2,1.2113,6.300545e+00,6.247548e-02
4,3,0.5839,1.497045e+00,3.483103e-02
5,0,0.6819,1.129951e+01,9.018645e-02
5,1,0.6805,1.354023e+01,1.281315e-01
5,2,1.4003,2.523788e+00,5.182844e-02
5,3,17.7966,6.909215e+02,2.495923e-01
6,0,0.5522,1.605774e+00,3.613513e-02
6,1,2.2308,2.639538e+01,1.008102e-01
6,2,3.5061,3.818317e+01,6.768059e-02
6,3,5.3441,1.617738e+01,7.999544e-02
7,0,1.8788,6.051570e+00,5.725630e-02
7,1,2.4659,4.284457e+01,9.903917e-02
7,2,989.4237,1.602536e+04,7.763546e-01
7,3,1.3180,4.210701e+01,1.585028e-01
8,0,10.4332,1.858496e+02,2.373622e-01
8,1,1.2941,1.665138e+01,9.894793e-02
8,2,2.6017,2.157392e+01,8.973898e-02
8,3,3.1115,6.270929e+01,1.249277e-01
9,0,3.1548,1.037470e+02,1.306917e-01
9,1,1.4718,3.059805e+00,4.428108e-02
9,2,1.9862,8.526757e+00,7.702922e-02
9,3,8.9637,1.239062e+02,1.684695e-01
10,0,6.0769,3.088876e+02,1.988120e-01
10,1,4.1598,2.325108e+01,1.007245e-01
10,2,4.3057,6.343238e+01,1.653797e-01
10,3,1.8992,4.316873e+01,1.097155e-01
11,0,3.7176,1.997686e+01,6.975071e-02
11,1,4.0445,3.180642e+01,6.758532e-02
11,2,1582.4644,2.568015e+04,7.271152e-01
11,3,6.8175,2.115225e+02,1.646761e-01
12,0,4.6961,3.349776e+01,9.064563e-02
12,1,24.1327,8.185103e+02,2.553676e-01
12,2,2.7932,1.583519e+01,5.977897e-02
12,3,1.9965,1.726452e+01,8.200069e-02
13,0,5.8791,2.785666e+01,1.121373e-01
13,1,2.4434,4.315195e+01,1.345622e-01
13,2,3.8662,7.026187e+01,1.260387e-01
13,3,7.5810,5.567539e+01,1.460379e-01
14,0,57.5484,6.384103e+02,3.153856e-01
14,1,6.8456,5.363663e+01,1.281747e-01
14,2,94.7620,1.058639e+03,3.275248e-01
14,3,6.2575,1.045581e+02,1.275789e-01
15,0,2.4495,1.037611e+02,1.254079e-01
15,1,2.3093,8.755146e+00,5.670907e-02
15,2,2.9298,4.328529e+01,8.939413e-02
15,3,5.1980,9.013333e+01,1.189546e-01
16,0,9.2167,3.482170e+02,2.086006e-01
16,1,4.5471,1.367228e+02,1.548795e-01
16,2,3.4390,8.623310e+01,1.422449e-01
16,3,1.4765,2.940635e+01,8.699024e-02
17,0,4.1036,1.700906e+02,1.741207e-01
17,1,1.3304,1.484851e+01,6.170503e-02
17,2,1.9829,1.038400e+02,8.029889e-02
17,3,44.3992,8.169226e+04,3.400187e-01
18,0,1.6876,6.289809e+01,7.600555e-02
18,1,1.6637,8.916020e+01,1.238071e-01
18,2,1.5479,9.086452e+00,5.438378e-02
18,3,11.0486,5.949360e+01,1.236957e-01
19,0,2.9523,3.044259e+01,9.646667e-02
19,1,1.3574,5.211262e+01,9.052330e-02
19,2,3.7070,2.713956e+02,1.959866e-01
19,3,1.2863,2.490803e+01,6.715656e-02
20,0,6.1013,3.090039e+01,1.342302e-01
20,1,1.6992,3.631236e+01,1.015919e-01
20,2,6.1738,2.415299e+02,1.104851e-01
20,3,6.9038,2.809154e+02,1.280003e-01
21,0,1.8412,1.968861e+02,1.420801e-01
21,1,2.9341,2.095273e+02,1.313744e-01
21,2,12.4592,1.025699e+03,1.759931e-01
21,3,23.6926,8.447626e+03,1.696816e-01
22,0,4.0074,2.870215e+02,1.575743e-01
22,1,4.7309,2.258418e+02,1.196725e-01
22,2,0.9945,1.805258e+01,4.445719e-02
22,3,2.7826,1.943215e+02,1.644477e-01
23,0,2.5484,6.920851e+01,7.969706e-02
23,1,5.4095,3.582387e+02,1.341941e-01
23,2,8.8267,2.075741e+02,1.216604e-01
23,3,12.2212,1.215398e+03,2.165166e-01
